category,location,name,phone
Cell phone store,"· 3rd Crossing, Ghee Walo Ka Rasta",R.K. Mobile,097999 77179
Cell phone store,"· Shop no 2, Ridhi Sidhi Circle","Shree Shyam Sales - Best Mobile Shop, Motorola Store",070624 78555
Cell phone store,"· SHOP NO 1,2, OPPSITE MPS SCHOOL, 3",Raj Rishi,085609 99666
Cell phone store,"· Ground floor, ganpati plaza, shop no.G, 26 27, Mirza Ismail Rd",Shree Mobile Store,095094 91056
Cell phone store,"· 1638, Baba Harishchandra Marg, opp. Raisar Plaza",Meenakshi Mobile,098290 69685
Cell phone store,"· 392, Fashion St","Sing-N-Smile Best Mobile, Speakers & Gadgets Store of Jaipur",098295 99310
Cell phone store,· ,Anant Electronics,077260 77261
Cell phone store,"· 38/3, Kiran Path",Shivay mobile,099290 94574
Cell phone store,· ,MOVE N TALK,088243 77777
Cell phone store,· near National Handloom,KAPIL Mobile,099297 67633
Cell phone store,"· Shop 132-133, near Parnami Mandir",Sukhija Traders,N/A
Cell phone store,"· Saraogi Mansion, Bapu Bazaar",Golani Enterprises,098280 17769
Cell phone store,· ,Satyam Electronics,098295 44565
Cell phone store,"· 162/3, Nilanchal Complex",Khunteta Mobile Point,095298 58585
Cell phone store,"· 220/1, 220/2, Raja Park Road",Sai Telecom,096603 30510
Cell phone store,· madhav mobile Sector 9,Madhav Mobile Malviyanagar,097828 85566
Market,· ,Johri Bazar,N/A
Cell phone store,"· No 123, Crystal Palm Mall Sardar Patel Marg, 22 Godam Cir",Samsung Experience Store - Tejas Mobile Gallery - Crystal Palm Mall,0141 403 0256
Cell phone store,"· G28,29, Raisar Plaza, <indra bazzar, near, Indira Bazar Rd, near police choki, near Baba Harishchandra Marg",Ashoka Mobile,098290 44460
Cell phone store,"· 179, KGB Ka Rasta",Kapil Traders,N/A
Cell phone store,"· Luharon ki gali, Chaura Rasta Rd",Mobile Shop in Jaipur - Mukesh Mobile,098288 97776
Cell phone store,· ,SUNNY ELECTRONICS,098290 66000
Cell phone store,"· Shop No, 291, Galta Rd",Raj Mobile Shop,094144 43150
Cell phone store,"· GANPATI PLAZA, Ganpati plaza B 19 Basement G.P. Bazaer Ganpati Plaza, Mirza Ismail Rd",Robin Mobile Accessories,088822 24005
Cell phone store,"· 10/32, Swarn Path, opposite Bajrang Juice",Vanshikaa Enterprises (Mobile Showroom),098293 78777
Cell phone store,"· Shop No 20, JDA Market Near Burger Farm, Opp. Jaipur Electronic Market, Ridhi Sidhi Chouraha","Mobile Station, the best Mobile Ki Dukan",077930 40006
Cell phone store,"· VRR5+7X6, Janta Store Cir",Mannat Mobile Shop,098298 88864
Cell phone store,"· Raghu Vihar Extension, 33 B -1, Patrakar Colony Rd",Mr. Mobile,090241 61689
Cell phone store,· ,Agarwalas telepoint Shop Mobile Store,093145 01900
Mobile phone repair shop,· ,"Abhyudaya Enterprises,jaipur, Expert Mobile Repairing Jaipur,",094626 12200
Cell phone store,"· Shop no 67, 61, Ajmer Rd, opp. Metro Pillar no, near Anupam Store",MJS MOBILES,088752 27755
Cell phone store,"· Shop No 1, Kamal Complex, Mirza Ismail Rd","Poojara Telecom, MI Road, Jaipur",098280 21000
Cell phone store,· Sanganer Thana Flyover,New Jaipur Mobile,N/A
Cell phone store,· ,Mr mobile & repairing center,097822 21793
Cell phone store,"· Ganpati Plaza, B-116(N),Basement, Mirza Ismail Rd",Shree RadhakrishnaM Mobiles,088904 27441
Cell phone store,"· A, 17, Jagatpura Rd",Tara Communication,N/A
Cell phone store,"· Shop No 47, Shree Balaji Market, Jagdamba Nagar Rd",SHREE BALAJI MOBILE 📱,099508 28588
Cell phone store,"· Shop No. :- SH 12, Lower Shopping, GANPATI PLAZA, Mirza Ismail Rd",Moosewala communication,099292 14400
Cell phone store,"· 25, Galta Rd",Pink City Mobile,N/A
Cell phone store,· ,Bagra Mobile Point,089558 51234
Cell phone store,"· Shop No.149, Shanti Path, Opp. Devi Ka Mandir, Raja Park",Amrita Mobiles,099299 57957
Cell phone store,"· PLOT NO 147C SHOP.3,RAM GALI NO.2 PANCHWATI CIRCLE, NEAR, Bhatia Hospital Marg",THE CELLPHONE SHOPPE,094610 47077
Cell phone store,"· 1/478-A,main chitarkoot, road chitrkoot, opp. ICICI Bank Ltd.,Hyderabad - Nanakramguda",Om enterprises a complite mobile shop,099282 41234
Cell phone store,"· Shop No 255 Champa Nagar Near Kirti School Gujar Ki Thadi Jaipur, New Sanganer Rd",Ramdev Mobile Shop Accessories And repairing,073748 62340
Cell phone store,"· Plot No.352B, Gali Number 2",✅Ashoka Mobile | Best Mobile Shop in Jaipur,098290 44460
Cell phone store,"· S-3, Madhyam Marg, opp. sharda hospital",Smart Digital,072789 99666
Cell phone accessory store,"· 11/29, Shop, no 2, Girdhar Marg, near Girdhar Hospital",The Mobile Village,093514 99999
Cell phone store,· Shop no.14,Disha Communication,097822 07352
Cell phone store,"· Shop No-58, Kishanpole Bazar Rd",Bakliwal Traders (Mobile store),098295 44485
Mobile network operator,"· 1651, Baba Harishchandra Marg, near Raisar Plaza",Jaipur Mobile Repair & Accessories,083028 07533
Cell phone store,"· 43-44, Sanga Setu Rd, near BABAJI KI HAVELI KA RASTA",Divya Sanchar,093521 11123
Cell phone store,· Triveni Nagar Rd,Payal Mobile Point,075685 30066
Cell phone store,"· Tonk Rd, opp. Sanghi Farm",The Mobile Shopee,096606 68717
Cell phone store,"· C 7, Tonk Road, Gandhi Nagar",Astel Systems - Best Mobile Shop( Mobile Ki Dukan) in Jaipur,098280 12200
Cell phone store,"· Shop no.3, 266, bada bazar",Maruti mobile accessories,080031 77926
Cell phone store,· ,Jaipur Mobiles,N/A
Cell phone store,· ,Solanki Mobile,085610 68686
Cell phone store,"· lower shopping center, GANPATI PLAZA, A-44, Mirza Ismail Rd",Smart mobile zone,N/A
Cell phone store,"· 62, Vijay Path",Mahendra Mobile,N/A
Cell phone store,"· 162, 7",The Smart Phone Zone,090244 88646
Cell phone store,"· Lower Shopping Center, GANPATI PLAZA, B-122, Mirza Ismail Rd",Smart Point Mobile & Accessories Store,095874 25000
Cell phone store,"· Ashoka Mobiles, Raisar Plaza",Mobile Shop,098290 44460
Cell phone store,"· Shop No. 37, Shopping Center, Rajat Path",Daksh Mobile Shop,094145 64664
Cell phone store,"· 30/15/01, Swarn Path",D.M. Mobile World,098296 10164
Cell phone store,"· Shop G, 44Raisar Plaza, Kishanpole Bazar Rd",Ramdev mobile accessories jaipur,081045 26861
Cell phone store,"· near PINJRAPOLE GOUSALA, 55, Sheopur Rd",SHREE SHYAM EMITRA AND MOBILE REPARING,080033 33718
Cell phone store,"· Shop No 2 /21, 102/94, Meera Marg",Seeta's The Mobile Funda,097854 24416
Cell phone store,"· Shop No -9, Mirza Ismail Rd, below Hotel Radha Palace, opp. GANPATI PLAZA","Cashify Mobile Phone Store | Buy, Sell & Repair in MI Road Jaipur",080 4680 8822
Cell phone store,· ,ARCO COMMUNICATION ( Mobile Phone Store ),098298 10013
Cell phone store,"· Shop no LG 01, Jaipur Electronic Mall Ridhi Siddhi Road",Brothers Mobile,099503 29419
Cell phone store,"· Shop No-A, 13, opp. Mehta Book House",Krishna Enterprises,093514 87715
Cell phone store,"· No E16, Chandra Tower, Gautam Marg, near Near Kalyan Jewellers",Samsung Experience Store - Digital Retails - Vaishali Nagar,073406 60167
Cell phone store,"· Shop No. 36, Nagar Nigam Market",Shree Mobile Communication & Repairing,082337 27283
Cell phone store,"· F-192, Mithila Path",Shri Shyam mobile repairing & accessories,070738 35741
Cell phone store,· Shop No. 123,Taneja Computer & Mobile Point,093513 31999
Cell phone store,"· S.No.23, S-A-1, Kirti Marg, Tonk Rd",Yashika Mobile Gallery,098291 92692
Cell phone store,"· Shop No:63, Prajapati Market, Tonk Road",Ashoka Electronics & Mobile Point,098282 82945
Cell phone store,· Chitrakoot Marg,GLORY MOBILE,096644 86802
Cell phone store,"· Shop no, 290, Galta Rd",Phone walas,N/A
Cell phone store,"· D2 & D3, GANPATI PLAZA, Mirza Ismail Rd, behind Airtel Office",EDGE Mobile - Sell & Buy Old Mobile,073000 08980
Cell phone store,"· shop no 2, 80/16, Kumbha Marg",TOMHUNT A Mobile Gallery,099831 51078
Cell phone store,"· Plot No 56/06, Rajat Path, near SBI Bank",Samsung Experience Store - SS Associates - Mansarovar,098280 31733
Cell phone store,"· Poonam market, 62, Sirsi Rd",Rajasthan Telecom,N/A
Mobile phone repair shop,· ,"Amit Mobile Technician, Jaipur Rajasthan,Best Mobile Repairing, Apple, Google Pixel, OnePlus, Samsung Z fold3, Fold, Filp 3",095296 85614
Cell phone store,"· 4, New Sanganer Rd, opposite Metro Pillar No 107",Samsung Experience Store - S & S Corporation - Ganesh Nagar,098874 40146
Cell phone store,· 295,SWAPNLOK,0141 405 2626
Cell phone store,"· shop _b8, Raisar Plaza, indira market",mobile accessories and repairing center,097834 48025
Cell phone store,"· Gupta International Building, Mirza Ismail Rd, near Lakshmi Complex",Samsung Experience Store - Digital Retails - MI Road,098292 59498
Cell phone store,"· A-7, 80 Feet Rd",Shree Mobiles,N/A
Electronics store,"· RRP8+68J, Unnamed Road",Unique Mobile Store,077909 14288
Cell phone store,· 54-C,Gourav Communication,093514 99977
Cell phone store,"· Shop no.3, goutam marg croosing, Kings Rd",MOBILE WORLD,098280 66681
Cell phone store,"· 186, 187, Arya Samaj Rd",Satguru Communications,098291 15002
Cell phone store,· Mahal Rd,Dev Mobile,070626 27562
Cell phone store,"· World Trade Park, Jawahar Lal Nehru Marg, near Shoppers Stop",Samsung Experience Store - Digital Retails - Malviya Nagar,070734 74632
Cell phone store,"· Shop no . 59A, GANPATI PLAZA",Rahul Enterprises,N/A
Cell phone store,"· S-5, Mirza Ismail Rd, near Rajmandir Cinema Hall",Mobile Mart,077376 29577
Cell phone store,"· Shop Number-B, Ganpati Plaza, 8 Basement, Mirza Ismail Rd",GALAXMIAL PREDERA COMMUNICATION PVT LTD,090014 63025
Grocery store,"· 357, Johari Bazar Rd",Sabzi mandi johri bazar Jaipur,N/A
Cell phone store,"· No H 31, Chandraheera Building, Mirza Ismail Rd, near Golden Tulip Hotel",OnePlus Experience Store,0141 408 7712
Cell phone store,"· Ground floor, D-34, Gaurav Tower Marg, near S.B.I. Bank ATM",Smart Solutions,098281 54556
Cell phone store,"· GT Central, Jawahar Lal Nehru Marg",OnePlus Exclusive Store,090018 88604
Cell phone store,"· Shop No 5-6 Pillor no 105, 106, New Sanganer Rd","Cashify Mobile Phone Shop | Buy, Sell & Repair in Sodala Jaipur",080 4680 8947
Cell phone store,· WQ49+VRR,Balaji mobile shop,N/A
Cell phone store,"· WQ9X+GQ7, Jaipur mi road Ganpati plaza",P-10 Mobile Shop No 14-15,0141 411 0670
Dry Fruit Store,"· 335-336, Johari Bazar Rd",Imliwala Pansari,098290 13363
Cell phone store,· ,Kanha Communication,098293 04898
Cell phone store,"· 3 B-23, near MAHESHWARI PUBLIC SCHOOL",SOUM - Second Hand(Used) & Demo Mobiles,098293 00040
Cell phone store,· ,Tadkeshwer Mobile Showroom,095718 40062
Cell phone store,"· WR9F+3FF, Dhula House Rd",Singh Communication,090010 00951
Cell phone store,"· Shop no.75, Shopping Centre, near Kanwatia Circle",R.R Mobiles,078915 07702
Cell phone store,· ,Kesari Mobile Point,094133 23160
Cell phone store,"· shop no 43.Road No.1 near pink city hospital, B-12",Rama Telecom,099294 12340
Cell phone store,· ,Balaji Communication - Best Mobile Shop in Mansarovar Jaipur || Mobile Repair Store || Mobile Service center,098290 66066
Cell phone store,"· Shop no 7 near sec 8, Tonk Rd",Miit Mobile Shop sec 8 tonk road pratap nagar sanganer jaipur,096674 24386
Cell phone store,"· 69/337, VT Rd",Balaji Communication,089520 99999
Cell phone store,"· 93, Kalwar Rd, opp. HP Petrol Pump",Modi Mobile Store,096678 78780
Cell phone store,· 302033,Vikas Mobile Shop,093149 69703
Cell phone store,· ,MOBILE PLANET,089590 12233
Cell phone store,"· 33B, 1, Patrakar Colony Main Rd",Shri Shyam Mobile And Accessories,091164 64264
Cell phone store,· ,Aashirwad Communication,099834 09249
Cell phone accessory store,"· Shop No, 458",R.K. Mobiles,090249 09555
Cell phone store,"· SHOP, 11 9, behind Ramada Hotel",Accord - Apple Authorised Reseller Store | Raja Park,098290 49487
Cell phone store,"· Shop No.23, Pandit Ji Ki Thadi, 100 Feet Rd, opp. Hotel Manohar Palace, near Kalwar Road",VK Mobile And Repairing Center,090240 91533
Cell phone store,· Shop number 3 zam zam tower,A.s Zam Zam Mobile,070142 13193
Cell phone store,"· Shop No 3, Balaji Market, Nahari Ka Naka, Shastri Nagar, near Bhagwati Plaza",Sundaram Telecom,0141 230 6868
Cell phone store,"· B, 2",Shree Gopinath Mobile Point,095295 10509
Cell phone store,"· Shop No 27 & 28 ground Floor, Sec 8, Tonk Rd","Cashify Mobile Phone Store | Buy, Sell & Repair in Pratap Nagar Jaipur",080 4680 8841
Cell phone store,"· A-226, Opposite Bhatta Basti Thana, Sanjay Nagar Rd",Star mobile shop,N/A
Cell phone store,"· 43, 4s, Swarn Path",Yuva Communication,098295 56451
Cell phone store,"· Shop No. 126, Barakat Nagar, Barkat Nagar Rd",Nikki Mobile & Repairing Centre,077259 84917
Market,· ,Bapu Bazar_ jaipur,N/A
Cell phone store,· 44/67 Madhyam Marg Kiran Path,SIDDHI VINAYAK COMMUNICATION,077374 75767
Cell phone store,Open ⋅ Closes 10 pm,Radha Raman mobiles,096942 82345
Cell phone store,"· A-2, opp. Rashtrapati maidan",Mobile mall,076658 88880
Cell phone store,· ,iTabStore,099830 32000
Cell phone store,"· 13, Ojha Ji Ka Bhag, Opp. Post Office, Tonk Rd, Gandhi Nagar Mode",Virat Sales,0141 404 0041
Cell phone store,"· Ganga Sagar Complex, 9-10, Kanta Chouraha",Galaxy Mobile Point,098298 10786
Cell phone store,· ,Swadeshi Mobile Point,093144 77776
Cell phone store,· 269,Expert Mobile & Traning Center,093526 75606
Cell phone store,"· Shop no. 53, opp. Jaipur Hospital, Tonk Rd",Ganpati Cellular,090016 85317
Cell phone store,"· Shop No. 10, Mandir, Near, Julelal Marg",Parnani Mobile & Gift Center,088909 18868
Cell phone store,"· 341, Choura Rasta",Vimal Watch Company,N/A
Cell phone store,"· Shop.no:1 Kamla Nehru Nagar, Delhi - Ajmer Expy, near Jodhpur Sweets",Anshu Games Mobile Sell and Service,080582 28800
Cell phone store,"· Shop no 2 (Plot.198), Ram Gali, 1, Panchwati Cir","Poojara Telecom, Raja Park, Jaipur",086198 88176
Cell phone store,"· No 100/80, Kumbha Marg",Samsung Experience Store - Khandelwal Tele Services Pvt Ltd - Pratap Nagar,097843 22033
Cell phone store,"· Shop No. 25, Bajrang Dwar Kalwar Road, Rawan Gate Rd",Mahima Telecom,099282 11611
Cell phone store,"· Shree, Gulab Tower, Plot No 5C, Ajmer Rd",Samsung Experience Store - Krishna Sales - Nirman Nagar AB,0141 402 6176
Cell phone store,"· Shop No Main Market, Gali Number 5, opp. Agarwal abhushanm, 54, Sirsi Rd",Kanha Mobile point,090243 46577
Mobile phone repair shop,· ,Jyoti Mobile Point,095299 02224
Cell phone store,"· Shop No 37 , Super Bazar, Jai Singh Pura Khor",Shubham Mobiles,094142 09132
Cell phone store,"· 37, Super Market, Jaisinghpura Khor Road, By pass Road",Pooja Mobiles,078913 96951
Cell phone store,Â· â€œ22â€,Hum Tum Mobile Shop,099296 88932
Novelty store,"· WRJH+P8C, Old Amer Rd",V.R. Collection,089554 16600
Cell phone store,"· Shop No. K-2, Addon Bazzar",Singh Mobile Accessories,088752 22212
Shopping mall,· ,Crystal Court Mall,N/A
Cell phone store,"· B(SH)-13, GANPATI PLAZA, Mirza Ismail Rd",Jangu Mobiles,099500 66337
Cell phone store,"· Shop no.A-21, Basement Ganpati plaza",The Real Communication,077370 01001
Cell phone store,"· Shop 124, 125",Shree Parnami Mobile,093513 37238
Cell phone store,"· Shop No.5,Ground Floor,Gaurav Tower",Mobile Zone,090012 41234
Cell phone store,"· S14, 15, Hawa Sadak Rd, opposite Chabra Road",Indira Switch,097999 99380
Cell phone store,"· Bazar, J-3, GT Rd",Mobilemate,0141 400 4810
Mobile phone repair shop,"· G6 & G7, Ground Floor, Crystal Palm Mall, Godam",Authorised Samsung Service Center - Tejas Mobile Gallery,090247 06399
Electronics store,· ,Reliance Digital,08071 889 581
Shopping mall,· ,Satkar Shopping Centre,N/A
Electronics store,· ,Croma - Wtp Mall,089291 14899
Cell phone store,"· VR44+JP2, near Crystal Court Mall",Devansh Mobile,N/A
Cell phone accessory store,· Crystal Court Mall,Fone decor,N/A
Cell phone store,"· Shop No A 34-35, 36 Basement, GANPATI PLAZA, Mirza Ismail Rd",Sri New S M Communication,098296 15222
Cell phone store,"· Plot number 738, Sector 11, Sector 7 Malviya Nagar Rd",Mister Mobile,095713 92559
Cell phone store,"· GROUND FLOOR, B, 85Rd Number 5",BHAGWATI SALES,089630 33093
Cell phone store,"· S.A 20, Amarapali Circle, Gupta Store, Vaishali Nagar",Mobile Point,098288 60256
Shopping mall,· ,MGF Metropolitan Mall,0141 400 8074
Cell phone store,"· Shop No 5, Choudhary Market, opp. Esi Hospital",GREEN MOBILE,096675 77477
Cell phone store,"· Shop 39, Bhagadiya Bhawan, Shop 39, Subhash Marg, opposite shyam juice",Vijayvargiya Communication,070140 79165
Stationery store,· ,Shivani Stationers,098296 10448
Cell phone store,"· Shop No.51, Sirsi Rd",K K Mobile Point,096025 24091
Cell phone store,"· 11,12, NEW MARKET, Jaisinghpura Rd, near by GRAM PANCHAYAT",Latest Mobile & Electronics,070621 57859
Cell phone store,· ,S.K.MOBILES,097850 17220
Shopping mall,· ,Lifestyle Stores,1800 123 1555
Cell phone store,"· Shop No SP 29, Sector 16 Shopping Centre, Opp Saraswati Apartment Main Kumbha Marg, Pratap Nagar Sanganer Jaipur",Mobicom A Mobile Gallery,080510 96555
Cell phone store,· Hatoj - Kalwar - Jaipur Rd,R S MOBILE ( Apple store)(mi store) md,096725 55576
Cell phone accessory store,"· 3d floor, vivacity mall, Askhay parta",S.M. cover & repairing,077340 12577
Cell phone store,"· Uday Nagar, Plot No.25",Khan Mobile World,098877 07070
Cell phone store,· H No 875 Near Chawal Sweets M D Road,The Mobile Hut,083868 84444
Cell phone store,"· 53 A Ground Floor, GANPATI PLAZA, Mirza Ismail Rd",Realme Experience Store Jaipur,080940 05005
Cell phone store,"· 212 A, Ram Gali Number 1",MOBILE STATION,078774 27231
Cell phone store,· ,Lata Mobile Centre,096800 21747
Cell phone store,"· Plot No. 6, Raghu Kumar Nivas, MI Road, opposite Ganpati Plaza",The Mobile Store,N/A
Cell phone store,· Hatewada Road,Bagra Mobile Point,094134 90336
Cell phone store,"· Shop No, Kardhani Shopping Centre, Kalwar Rd",Siddhi Vinayak Mobile Hub - Best Smartphone Shop in Jaipur | Best Mobile Accessories Shop in Jaipur | Iphone shop Govindpura,083027 19608
Cell phone store,"· GANPATI PLAZA, Mirza Ismail Rd",Rudra Communication,N/A
Cell phone store,"· 2nd Floor, World Trade Park, Shop No E – 6,7, 8","Poojara Telecom, WTP, Jaipur",080940 05098
Cell phone store,· ,New Mobile Shop,0141 403 9286
Cell phone store,"· Niwaru Rd, opp. State Bank of India, opp. jockey store",The Mobile House,095499 09049
Mobile phone repair shop,"· 305 - 307, Mirza Ismail Rd","Tresor Apple Service Centre, MI Road Jaipur",099711 72882
Cell phone store,"· Jodla, Harmada Road no 14, Sikar Rd",Satyam Telecom - Satyam Digital care,098290 07900
Cell phone store,"· Metro Station, S, Ajmer Rd, near Ram Nagrar, opposite airtel office",New Akku Communication,093140 20766
Cell phone store,"· A33, Ganpati plaza basement, Mirza Ismail Rd",Mobile,097857 44000
Cell phone store,"· Shop No. 41,42 shiv nagar near pink city hospital, road no. 1 murlipura jaipur",Shanti Telecom,072298 85556
Cell phone store,"· 69A,Nahari Ka Naka, Power House Rd",Lucky Mobile Point,098295 99610
Cell phone store,· GANPATI PLAZA,A To Z Mobile Solution,098874 29669
Shopping mall,· ,World Trade Park,0141 272 8044
Cell phone store,"· Shop No. 23/24, Sundar Vihar, Bajrang Dwar, Main, Kalwar Rd","Poojara Telecom, Kalwar Road, Jaipur",098295 56005
Cell phone store,"· Mahindra sez road, near Bank of baroda",Om mobile point mahapura Jaipur,080786 45620
Cell phone store,"· Shop No. 67, 61, Ajmer Rd, opposite Metro Piller","Poojara Telecom, Sodala - Jaipur",091161 12622
Cell phone store,"· Shop no. A20, Lower Basement, GANPATI PLAZA, Mirza Ismail Rd",Shree Mobile Wala,098284 53288
Shopping mall,· ,Max,090790 96394
Shopping mall,· ,Saraogi Mansion,N/A
Cell phone store,"· Agrasen Tower, G-1",Alpha Communication Mobile Shop,093515 32297
Cell phone store,"· Mi Home, P No. 156 Jangid Bhawan, Mirza Ismail Rd, opposite Golden Tulip","Mi Home- MI Road, Jaipur",089496 91919
Cell phone store,· ,My Mobile Shopee,081980 71980
Cell phone store,"· Near Police station tonk road, circle",The Mobile Palace,094133 44330
Cell phone store,"· 10-12, Dev Nagar Rd",New Yashika Mobiles,098291 92692
Cell phone accessory store,"· A1/B1, Tonk Rd",Case Corner,N/A
Cell phone store,"· RQ8X+X99, Tonk Rd",Priya Mobile Point,099288 51399
Cell phone store,"· Shop no. 8, 9 kailshpuri, Tonk Rd, near au bank",Mobmitra,089638 93656
Cell phone store,"· SDC Capital Ridge, GS2 Zone 82, Plot No-1, Tonk Rd","Imagine Apple Premium Reseller, Pratap Nagar",082874 82874
Cell phone store,"· Airport Circle, Tonk Rd, near Gogia Petrol pump",Reconnect Communication Mobile store,096941 23454
Electronics store,· ,Great Eastern Trading Co - Tonk Road (Delivery over phone),091161 64408
Cell phone store,"· LG-33 The rise Haldighati market, Tonk Rd, below reliance digital, beside d mart",Data Migrator,078913 13302
Cell phone store,"· Shop No 1, Gandhi Nagar Mode, Tonk Rd, opp. Milestone",Durga Collection,N/A
Cell phone store,"· Sector -3, Pratap Nagar, Sanganer, Tonk Rd, opposite Veer Tejaji Temple",Sparsh Appliances,098290 68010
Cell phone store,"· Shop No. - 11, Manvasharm Colony, Gopalpura Bypass Road, Tonk Road",Navya Mobile & Fancy Store,098280 46506
Cell phone store,· 7,Jaipur mobile haven,N/A
Cell phone store,"· A420, Shivanand Marg, opp. jain mandir","The Hello Brothers Motorola Authorised dealer & apple,samsung,vivo,oppo,realme,mi dealer",092520 20202
Store,"· VQMR+GG8, Barkat Nagar Rd",Chitra Mobile Shop,098282 22066
Cell phone store,"· 946, Jp Phatak Link Rd",Gupta Enterprises,089469 81111
Cell phone store,"· Shop No. 9, Tonk Road",Overseas Communication,086969 09011
Cell phone store,· 36A,Punankit Mobile Point,097844 00996
Cell phone store,"· Ground Floor, Plot No 101, Tonk Rd, opp. Pinjra Pole Gaushala",My Jio Store,090827 11768
Cell phone store,"· SHOP NO:- 39 Amba Guest House, Tonk Rd",BHAVYA MOBILE GALLERY,096023 70424
Cell phone store,· ,"R.M.G Vaishali Nagar, Jaipur",N/A
Cell phone accessory store,"· Haldi ghati Gate, LG-7, below Reliance Trends, The Rise, Tonk Rd, near Dmart",S&V Enterprises,090018 77293
Mobile phone repair shop,"· VQFR+G75, Arjun Nagar Patak",Jay Ambay Mobile Repairing Center,096025 46220
Cell phone store,"· Shop No. A - 4, 80 Feet Rd, near Tempo Stand",THE MOBILE ZONE,N/A
Store,· B-76,Mobile Shop,098874 12090
Cell phone store,"· Main India Gate Near Union Bank ATM Sitapura, Tonk Rd",Aashirwad Communication,085628 02727
Cell phone store,"· Shop No.93, Gali Number 7",The Real Mobile,084419 62922
Cell phone store,"· Shop No 1, Shopping Centre, Rajat Path",Mobile World-Best Mobile Shop,098286 01010
Cell phone store,"· india gate, 14, Tonk Rd",Divya Mobile,078783 59145
Cell phone store,"· VQMV+848, Tonk Fatak Rd",INDIAN MOBILE,096366 66648
Cell phone store,"· 4, Tonk Rd",Agoan Electronics - LG Exclusive Store,074148 86885
Cell phone store,"· 5, Tonk Rd",Ashoka D & G Store,088249 96575
Cell phone store,"· VQHV+9GJ, Gali Number 7",System mobile cavar tempar and Repairingcentre,N/A
Cell phone store,"· Shop no-G-8, Crystal Palm Mall, Near Sahakar Bhavan, Bais Godpwn",The Mobile Store,1860 267 6767
Mobile phone repair shop,· ,vivo & iQOO Authorised Service Center,097839 63702
Electrical & Electronics Stores,"· shop no 25, Tonk Rd",R.n. Mobile Point,096804 01946
Cell phone store,"· Ground Floor, Rathore Tower, No 80/4, Tonk Rd, near Kumbha Marg",Phonewale,070629 19291
Cell phone store,"· VQJW+GX6, Tonk Rd, Opp Laxmi Mandir Cinema",Compact Communication,094147 69698
Cell phone store,"· VQCR+94X, Jp Phatak Link Rd",MOBILE POINT,N/A
Cell phone store,· VQHR+JH9,Bhatia Mobile Point,098879 59818
Cell phone store,"· S39 40 Matoria Plaza, Basement BURGER KING, S-38,39&40, JDA Central Market, Amrapali Marg",POOJARA TELECOM Vaishali Nagar Jaipur,N/A
Cell phone store,"· Tonk Rd, Near India Gate",Aakash Mobile,084400 63550
Cell phone store,"· No 4, Plot No C 10, Lal Kothi Scheme",My Jio Store,090827 10762
Cell phone accessory store,"· K, Tonk Rd",Vikki Mobile Shop,089529 28610
Electronics store,Open ⋅ Closes 7 pm,"Mi Service Center, Tonk Rd, Jaipur, Rajasthan (serviquo)",N/A
Cell phone store,"· VQQR+C3R, Imli Phatak Rd",हादेव मोबाईल,N/A
Cell phone store,"· 103, Moti Doongri Rd",SAWARIYA MOBILE RECHARGE POINT.,N/A
Cell phone store,· 1,Krishna Mobile Shop,078910 34120
Cell phone store,"· VQHV+6PW, Gali No. 17",S.S. Enterprises,N/A
Cell phone store,"· Shop No 23, Tonk Rd, near Sitabadi Colony",Aditya Mobile Repair Centre,N/A
Cell phone store,"· Ground floor, L-9, Chetak Marg, Tonk Rd, near Lic Building",MB ELECTRONICS MOBILE SHOP,090012 56949
Cell phone store,"Â· VQMR+GJ3, Tonk Fatak Rd",à¤¶à¥à¤°à¥€ à¤®à¥‹à¤¬à¤¾à¤‡à¤² à¤à¤ªà¥à¤¸à¤°à¥€à¤œ,N/A
Mobile phone repair shop,"· 160, Dhruv Marg",Shree Raj Communication,098290 12856
Cell phone store,"· RQ8X+XCJ, Tonk Rd",Mobile And Computer,098293 34481
Cell phone store,"· Shop No S-93 Plot No Joshi, 3, Barkat Nagar Rd",Balaji Mobile,098296 10685
Cell phone store,"· Shop No 2 Plot No 1 L Toll Tax Jaipur, Tonk Rd",Sharma Mobile & Stationery,099287 66058
Cell phone store,"· VQ7W+CH4, Gopal pulia, Tonk Rd",Dream Corner,098296 10596
Cell phone store,"· S-56-B, Barket Negar Choraha",S. S.Enterprises,N/A
Cell phone store,"· RR53+CV8, Thok Road, Tonk Road, near Sitapur Road",Shyam Mobile Point,096801 07090
Cell phone store,· 1,AAYYAT MOBILE SHOP,078605 49035
Cell phone store,"· Shop No 1, Main Road, near Bhati Hotel",Hanumant Communication,076118 69889
Cell phone store,"· 17, Shiv Colony",Shiv Shakti Mobile,093529 60262
Auto parts store,· Ashok Mobile,Mobile Shop,082399 47714
Cell phone store,"· VQHV+G46, Barkat Nagar Rd",महादेव TELECOM,N/A
Cell phone store,"Â· VQ6W+VW4, Gopalpura Bypass Rd",à¤²à¤•à¥à¤·à¥à¤¯ à¤®à¥‹à¤¬à¤¾à¤‡à¤²,N/A
Cell phone store,"Â· 227/1 puliya, 1, Jawahar Nagar Marg",âœ…ð—§ð—µð—² ð— ð—¼ð—¯ð—¶ð—¹ð—² ð—ªð—®ð—¹ð—® - Mobile shop Near me |Best Mobile Store |Best Mobile store in Jaipur,078916 50507
Cell phone store,"· Shop NO. 6, Shastri Nagar Rd, near P.N.B. Pittal Factory",Suraj Mobile point,097844 98267
Cell phone accessory store,· Janta Store Cir,Sardar Ji mobile accessories,N/A
Cell phone store,"· Shop Number 4, Shopping Center, Sector 10, Vijay Path Circle, Madhyam Marg",Navkar Communication,099282 57094
Cell phone store,"· 33, Khatipura Rd, near the relience fresh",Modi Mobile World,088907 11111
Cell phone store,"· Parshuram Circle, Powerhouse Rd, opp. Main Railway Station",Vijayvargiya Communication,098290 16735
Cell phone store,· 80 Feet Rd,Everest Mobile And Electronics,080006 70288
Cell phone store,"· 421, NBC Rd","JaIgUruDeV MOBILE ,(Vivek saini)",N/A
Cell phone store,"· Shop No-24, Garnet House, Amer Rd",Choice mobile shop,093090 90606
Cell phone store,"· Plot No.3, Hawa Sadak Rd, opp. Sodala Police Station",Anokh Enterprises(The Complete Mobile Store),096102 05678
Cell phone store,· ,vivo Experience Center - WTP Jaipur,072300 81171
Cell phone store,"· B 59, Sahakar Marg, near Patanjali ias coching Center",Mama Mobile Point,085608 88772
Cell phone store,"· 84/244, Madhyam Marg, opp. Kendriya Vidyalaya No. 5","Poojara Telecom - Mansarovar, Jaipur",097990 05098
Cell phone store,"· Ajmer Rd, near Elements Mall",Shyam Sales Mobile Store,N/A
Cell phone store,· G5 Luv krishna Height,Mr. MOBILE,089555 58537
Cell phone store,"· B- 129, MI Road, Ganpati Plaza",Tahir Shop,N/A
Cell phone store,· ,"Mi Studio - Pink Square Mall, Jaipur",080003 82113
Cell phone store,"· Shop no 283-284, Madhyam marg, Varun Path",Modi mobile world 2,095717 01000
Cell phone store,"· VQJX+H4G, Near Laxmi Mandir",RS Telecom,N/A
Cell phone store,Open ⋅ Closes 8 pm,Jaipur Mobile's,N/A
Electronics store,"· Shop No, 1128, Subhash Chowk",Latest mobile gallery,083858 89014
Cell phone store,· VV 232,Spartan Mobiles Store - Best Second Hand Mobiles,N/A
Cell phone store,"· F-143, Chaitanya Marg",Mobidekho,090790 12778
Cell phone store,"· Shop no, 5, Mahavir Marg",Mobmistri- Certified Pre-owned iPhones and Macbooks,075688 82524
Cell phone store,"· Axis Mall, B-17, Lajpat Marg",By Own,N/A
Electronics store,"· S-32, Arvind Marg, near Hotel Vesta",Mobile Heaven,N/A
Electronics store,· ,"Imagine Apple Premium Partner, MI Road Jaipur",082874 82874
Electronics store,· ,Samsung SmartPlaza - KS Plaza,070390 03069
Mobile phone repair shop,"· 2nd Floor, City Mall, 204, No C21, Bhagwan Das Rd",Authorised Samsung Service Center - Virasat Communications,078219 99985
Mobile phone repair shop,"· Gupta International Building, Mirza Ismail Rd",Authorised Samsung Service Center - Mangalam,098292 10256
Mobile phone repair shop,"· F-174, Sumer Complex, F-107, behind Bagaria Bhawan",Digital World,098280 14951
Produce market,"· Bagadiya Bhawan, 31",FRUITS SHOP (Since 1976),087644 44424
Outlet store,"· WR83+PPW, Mirza Ismail Rd",Samsung Outlet,N/A
Computer store,· ,HP World - City Mall,086575 68474
Cell phone store,"· 6, Mirza Ismail Rd",Samsung SmartPlaza Satisfaction Electronics,098286 99888
Cell phone store,"· A-2, Jamnalal Bajaj Marg",Motorola Wireless Walky Talky,092144 53304
Cell phone store,"· S.No, 3",Audio Mobile Shop,N/A
Cell phone store,"· 109, Mall 21, In front of Rajmandir cinema, Panchbatti,, Bhagwan Das Rd",Sanchar,0141 400 5055
Cell phone store,"· 101, Navjeevan Chamber, VINOBA MARG",SANCER MOBILES PVT. LTD.,0141 470 0100
Cell phone store,"· F30, Gautam Marg",Amazing mobile cover vaishali nagar,080058 13977
Cell phone store,"· F1, Signature Tower, Gautam Marg, opp. Value Plus Retail",ACCORD - Apple Authorised Reseller Store | Vaishali Nagar,080940 00500
Cell phone accessory store,"· UG 1, Crown square, Gandhi Path W",MI Studio- Vaishali Nagar,096800 07066
Cell phone store,"· Ground Floor, Plot No E20, opposite Motisons Jewellers",Phonewale,090797 96464
Cell phone store,"· No E, Infront of Kiran Fine Jewellers, 10, Gautam Marg",Phonewale,077422 00320
Cell phone accessory store,"· F1, 21A,Moti Nagar West Akshardham Mandir Road Chitrakoot",Mobile E Mart,072218 56099
Mobile phone repair shop,· A-10,Yash communication Since (2004) Mobile Repairing Shop,070739 09090
Mobile phone repair shop,"· Shop No 117, 1st Floor, Mall of Jaipur","Tresor Apple Authorised Service Centre, Vaishali Nagar",N/A
Cell phone accessory store,"· 54, behind National Handloom",Accessories House,095873 07583
Cell phone store,"· Vaishali Tower I, Shop No G 5, Ground Floor, Ist, Nursery Cir",My Jio Store,090827 10914
Mobile phone repair shop,"· Prestige Tower, 104, Vaishali Marg, Amrapali Marg","Mi Service Center, Vaishali, Jaipur, Rajasthan (Qdigi)",0141 412 6668
Cell phone store,"· Shop No. 3, Karni Palace Rd, Opposite Karni Palace",Royal Mobile & Computers,N/A
Electronics store,· ,Reliance Digital,08071 889 584
Cell phone store,"· Shop no 10, Bharat Apartment, Gandhi Path W",Infinity mobile Jaipur,N/A
Cell phone accessory store,"· A 78 nemi nagar manish marg, Gandhi Path W",Golden Sand India - Mobile Covers & Accessories,097833 20305
Cell phone store,· ,KG Digital World,098296 10274
Electronics store,"· Plot No 18, Queens Rd",Samsung SmartPlaza - S S Associates,070390 02603
Mobile phone repair shop,"· V-29, JDA Complex",Sharma Mobiles,099298 67206
Electronics store,· ,Croma - Vaishali Nagar,083769 05950
Cell phone store,"· Sharma tower, Ajmer Rd, near MRF showrrom",RIDHI SIDHI COMMUNICATION,098282 32223
Cell phone store,"· shop no 12, Front Off Liberty Showroom Gandhi Path Road, Amrapali Marg",Jeen Mata Telecom,082333 45777
Mobile phone repair shop,· ,Authorised Samsung Service Center - S S Associates,096100 03238
Cell phone store,Open ⋅ Closes 10:30 pm,Darshan mobile,081492 12992
Mobile phone repair shop,"· shop No 3 Lohia Colony Bajari Mandi, Vaishali Marg W",Mobile service center,078209 32333
Cell phone store,"· WP6V+FVF, Vaishali Chaourha",Mobile Repairing Centre,0141 645 5122
Cell phone store,· B-21 Amrapali Plaza Amrapali Circle Vaishali Nagar,Sulakshya Mobile,098879 88778
Mobile phone repair shop,· WP5W+Q4Q,Jain Mobiles,097990 82725
Cell phone store,"· Plot no 18, Gautam Marg",Agoan Electronics - LG Exclusive and Multi Brand Store,074148 86885
Cell phone store,"· E-30, Vikash nagar,opp Guru narayan Temple",Sakshi Telecom,099837 11010
Cell phone store,"· WP6V+8PG, Amrapali Marg",A One Mobiles,085609 99904
Cell phone store,"· WP3X+FGM, Queens Rd",Laxmi Communications,094601 85065
Cell phone store,"· Shop no. 29, Dhawas Rd, near nimbark mandir",Chamunda mobile,N/A
Cell phone store,"· C 6/12 , Basement",Mobile satisfaction,N/A
Cell phone accessory store,· VPWQ+6M9,1-A Bhura patel nagar vaishali nagar jaipur,N/A
Cell phone accessory store,078783 15734,AK Mobile Shop,078783 15734
Cell phone store,· Akshardham Mandir Rd,Shiv Shakti Mobile Point,097846 33813
Cell phone store,"· 9, 22, Chitrakoot Marg",Mobile services centre,N/A
Electronics store,· ,Lotus Electronics - Vaishali Nagar,091113 00400
Cell phone accessory store,· Shop No 223,N L Retail Mobile,N/A
Cell phone store,"· WP6J+CFQ, Dev Path",Suresh Mobile And Accessories Wholesale & Retaile,099666 49597
Home audio store,"· Shop B-26, Sunny Electronics, Gandhi Path W, nearby Vijay Dwar","JBL Partner Store - Vaishali Nagar, Jaipur",08071 325 627
General store,"· Pilot No. 2 Girraj Vihar Gandhi Path West Vaishali Nagar Girraj Vihar, Gandhi Path W",Vaishali Grocery & General Store,090247 33752
Baby store,"· Ground & 1st Floor, B -215, Vaishali Marg",Momsworth Store Jaipur Vaishali Nagar,N/A
Cell phone store,"· 206A, Amrapali Marg",Karni mobile,N/A
Packaging company,"· B146, Gandhi Path W",My Movers and Packers Vaishali Nagar | Vaishali Nagar Packers and Movers Jaipur,091666 68368
Cell phone store,· WP5W+Q5Q,Bhavika Video Game & Communication,N/A
Cell phone store,· WP4M+PPP,DIVINE MOBILE,N/A
Cell phone store,"· Arihant Infinity, Back Office",Case creation back office,098876 65577
Electric bicycle store,"· Shop No 42, Shree Ram Enterprises, opposite TP School","Hero Lectro Authorised Dealer - Vaishali Nagar, Jaipur",08071 326 283
Baby store,"· C 15Ground Floor, Vaishali Marg",Firstcry.com Store Jaipur Vaishali Nagar,0141 235 0220
Mobile phone repair shop,"· Shop No, 8, Nursery Cir",Mukta Mobile Repairing & Shop,0141 402 9106
Cell phone store,"· Shop No.47A,Lohiya Nagar",Rajasthan Telecom,078915 71540
Electronics store,· WP6V+8PH Gupta Store,RR MOBILE HUB,080595 70594
Cell phone store,"· G 16, Ganeshan Tower",Sentiments Mobile,098285 85730
Cell phone store,"· S/A-61, Gupta Store, near Laxmi Sweets",Nitin Mobile Shop,096947 28890
Print shop,"· s/a, 61, Amrapali Marg",Arihant mobile point,093093 04433
Cell phone store,· WP2Q+WJ7,Shri Shyam Communication,098282 05094
Store,"· Lalarpura Road, Gandhi Path W",Patel Mobile Shop,076985 04432
Cell phone store,· 2,AYAJ MOBILE POINT,098299 61053
Cell phone store,"· Shop No. B&C, Vaibhav Complex, Inox Building, Near, Amrapali Marg",Sandesh,N/A
Men's clothing store,· Plot No 178,"MANS ™ Multi-Brand Men's Innerwear Store [Vaishali Nagar, Jaipur Branch]",N/A
Electronics store,"· 3, Karni Palace Rd",Ramdev mobile,N/A
Cell phone store,· 301,SMART WORLD MOBILE AND ACCESSORIES,098875 55000
Cell phone store,"· shop no- 31, near by roshan restaurants",Realme Smart Store,080940 05020
Cell phone accessory store,· ,Parnami mobile,098295 44366
Electronics store,"· No 1, Police Station, D34, Shanti Path, near Jawahar Nagar",Samsung SmartPlaza - Agoan Electronics,070390 01873
Cell phone accessory store,· ,Mobile Dècor,097821 36060
Electronics store,"· No B10H, Plot, Govind Marg, near Parnami Mandir",Reliance Digital,08071 889 585
Cell phone store,"· 05, Near, Panchwati Cir",iAMobile,N/A
Cell phone store,"· No-1, D-34, Shanti Path, Pulia",Agoan Electronics - Samsung Exclusive and Multi Brand Store,074148 86885
Paan shop,· ,Annu Mobile Paan Bhandar Jaipur I Paan Shop,063502 63686
Cell phone store,"· Ground Floor, Nanak Plaza Raja Park, Plot No 362, opposite Ramada Hotel",Phonewale,090010 10023
Electronics store,"· 2, 243, Shanti Path",Great Eastern Retail Pvt Ltd: Raja Park,033 4037 2000
Mobile phone repair shop,· Shop No 446,Shayam Mobile And Repairing Center,099826 80402
Cell phone store,· 269,Pixel world,095113 62660
Cell phone store,"· Unit No. 83, Ground Floor, Roop Vandana complex, Arya Samaj Rd",My Jio Store,090827 10668
Cell phone store,· 88,C.A. Communication,N/A
Cell phone store,· ,"Vivo Experience Center, Pink Square",072300 81172
Cell phone store,"· 173 B, Sindhi Colony Rd",MOBILE VIEW,085599 84139
Cell phone store,"· Shop No. 22-23, POONIYA COMPLEX, Panchwati Cir",Hotspot Mobile Store,088243 77777
Electronics store,"· Shop no 1 & 2, Plot No. 360, Fashion St",Samsung Experience Store - SS Associates,077269 99635
Electrical & Electronics Stores,· VRWF+PP8,Mobile Gallery,099504 80000
Mobile phone repair shop,· ,Realme Authorized service center,1800 102 2777
Cell phone store,"· 215, Ram Gali Number 1",Vivo Exclusive Store (RAJAPARK),N/A
Dairy store,"· Store no. 238(1B, near Liberty Showroom, opp. Gurudwara",Gau Dairy & More (Raja Park),N/A
Cell phone store,"· VRVG+J67, LBS College Marg",Sakshi Mobile,N/A
Cell phone accessory store,"· 3rd floor, Fancy mobile cover, SHOP, A05",WelcomeCart,096643 06144
Cell phone store,· VRVJ+V2X,Mk,N/A
Home audio store,"· Shop No P, Sing-N-Smile, 392, Fashion St, opposite Khadi India","JBL Partner Store - Raja Park, Jaipur",08071 325 624
Electronics store,"· Shop No-19, 20, Barafkhana, Jawahar Nagar Rd",Jain Electronics,0141 261 7082
General store,· ,Mashhoor Punjabi Kirana Store,098290 95527
Cell phone store,"· Shop No 83, near Mama Hotel",Mobile Doctor',070234 97097
Baby store,"· Shop No 49-50, Parnami Mandi, Govind Marg","Me n Moms Baby Care & Kids Store in Raja Park, Jaipur",088288 97602
Cell phone store,"· Shop No 45, Near, Panchwati Cir",Avinash Icici Mnt,086908 03209
Cell phone store,"· Shop No. Puia No.1, Near Police Station,opp. reliance fresh,, 1, Shanti Path",GNA Incorporative,097823 45678
Cell phone accessory store,"· VRWG+M3J, Lane 1","183 , Shikha Mobile , Raja Park , Jaipur",N/A
Cell phone store,"· Shop number 57, near Hanuman dhabha",Sagar mobile palace,N/A
Cell phone store,"· 443, Govind Marg",Smart Choice,098281 69099
Cell phone store,"· 788-b, Sindhi Colony Rd",radhe radhe mobile,085608 26323
Cell phone accessory store,"· Shop No 1, A.C. Market",Manisha Mobile And Accessories Point,096029 24003
Cell phone store,"· 5, Jorawar Singh Gate",Laxmi Mobile,096609 42429
Sweet shop,"· 50, 6, Shipra Path",LMB CHIRAWA MISHTHAN BHANDAR JAIPUR,N/A
Cell phone store,· AF-9,r k electricals and mobile center,099292 33434
Cell phone store,"· Shop No.A Front Of UCO Bank Market, 3, Jagatpura Rd",Mi Store Redmi Mobile Avilable ( Near SBI Bank Jagatpura ),070141 13699
Cell phone accessory store,· Mkb 1968,S.M. Mobile Point,090011 65973
Cell phone store,"· Shop no, 15, Jagatpura Fatak",Goyal Mobile,077376 65571
Cell phone store,"· Shop No 13, Mahal Rd",Srn Mobile Solutions,070147 81987
Cell phone store,"· RRMP+V6X, Mahal Rd",Sahil Mobile Point,N/A
Cell phone store,"· Shop No - FGF 10, R Tech Capital Highstreet, near Domino’s Pizza",Hello Brother,092524 99999
Electronics store,· RRMF+CHH,Garg Communication,N/A
Cell phone store,"· 12, Sanganer Thana Flyover",Shree Jai Bhawani Communication,099828 70894
Cell phone store,· Ram Nagariya Rd,Prachi mobile and fancy store,070233 88547
Mobile phone repair shop,Open ⋅ Closes 10 pm,R.k. mobile riparing center,077929 27403
Mobile phone repair shop,"· Shop, near BOI ATM",57 Mobile,098876 49864
Cell phone store,"· k saamne, half basement, UCO bank, Jagatpura Rd",Anushka Mobile Repairing &Associaries,090016 57175
Cell phone store,"· RRVJ+38C, 1st Jagatpura Rd",A K Mobile Repairing and Accessories,075972 22877
Mobile phone repair shop,"· 4, Mohan Nagar, Ramnagariya, 03, near Skit College Road",Riddhi Siddhi Mobile Zone,N/A
Cell phone accessory store,· Shop A55,ANKITA MOBILE ACCESSORIES,098871 28383
Electronics store,"· 21 mahesh colony first, near State Bank of India ATM",SWASTIK MOBILE SHOP,N/A
Cell phone accessory store,· Shop 35,Balaji Mobile Point,099295 31095
Cell phone accessory store,090573 90194,Dev mobile repairing Centre and all accessories All mobile sale.,090573 90194
Cell phone store,"· 24, Jagatpura Rd",Hemu mobile repairing,099297 17730
Mobile phone repair shop,"· 248, mkb Manoharpura",atyourdoor mobile repairs,N/A
Electronics store,· ,Electronic Hub (A Unit Of Radhe Govind Enterprises),077424 12831
Electrical & Electronics Stores,"· RV97+HGW, Ram Nagariya Rd, near SKIT, petrol pump Road",Hitarth Mobile,063502 29532
Mobile phone repair shop,"· Shop number 10, Nandan Vihar, Mahima Panorama Chauraha, B-1, VIT Rd",Kesar Mobile Point,N/A
Cell phone store,Open ⋅ Closes 9 pm,Pooja Mobile Communications & Repairing Centre,098877 58800
Cell phone store,"· 2/498, ke Pass, Sabji Mandi Rd",Sagar Mobile Shop,099822 26117
Cell phone accessory store,"· Shop no. 3 in basmant, near, Jagatpura Fatak",SAI MOBILE COVER HOUSE,095299 90226
Cell phone store,"· 438, near Kashish 1",Tara Mobile,083858 66844
Mobile phone repair shop,"· Puliya Ke Niche, Jagatpura Railway Colony, 1",BALAJI MOBILE REPAIRING CENTRE,090270 44482
Store,"· 59, Jagatpura Rd",Shri Vinayak Mobile,090244 39260
Electronics store,· ,Croma - Jagatpura,092050 74951
Cell phone accessory store,"· 3rd floor, Jtm Mall, kb-27",Khalsa Mobile,083879 25858
Mobile phone repair shop,"· Shop No 30, Main Road",Krishna mobile Point,096492 82428
Cell phone store,"· 745, Brij Mohan Marg",Aashirwad Mobile Point,097824 64007
Cell phone store,"· 162, 03, Kumbha Marg",Balaji Mobile World,096803 26565
Mobile phone repair shop,"· Shop, 2nd Jagatpura Rd",Anshu Mobile,097723 57735
Cell phone accessory store,"· SNO 58, Airport Rd",Sharma Mobile,085610 40471
Stationery wholesaler,· Plot No 104 Shop No 3 Nursing Vihar Ramnagaria Opp S K I T Collage,Khandelwal Communication,077330 44431
Cell phone store,082092 41948,Jai Mobile Point And Dth,082092 41948
Electrical & Electronics Stores,"· RRPH+42W, Punjab &Sindh bank ke samne",Ridhi Sidhi Mobile & Electronics,076656 67666
Cell phone store,· Shop No,BHARTI COMMUNICATION,N/A
Cell phone store,· Mahalaxmi Mobile mkb 2154,Mobile shop,N/A
Mobile phone repair shop,· Mob. 81,HN Mobile Point,N/A
Mobile phone repair shop,"· SHOP NO 24, 25",OM SAI TELECOM REPAIRING,092510 87009
Cell phone store,· 1,Badoniya Company,092561 53929
Cell phone store,"· Hanuman plaza, Jagatpura Rd, near UCO Bank",Kanha mobile point,099504 98820
Cell phone store,"· Jagatpura Fatak, near by railway",Roshan Mobile,077376 65571
Cell phone store,· Mehal Road,Topline Communication,097841 60174
Money transfer service,· Shop No 1 Opp SKIT Collage Ramnagariya,Royal e-mitra And mobile repairing centre,089053 83138
Computer store,"· Amar Plaza, Model Town- B, Jagatpura Rd",Dell Exclusive Store - Jagatpura,080 4800 8192
Fabric store,"· near by State Bank of India ATM, near SBI Bank",Mobile Shop,096145 35455
Cell phone store,"· Shop no 15, Raghunath Puri 2nd Rd",Shri Baldev mobile point and repairing,N/A
Cell phone store,"· Shop at Ground Floor, S 23, Scheme No. 10, jagdishpuri, near Radha Krishna Colony",My Jio Store,090827 07062
Cell phone store,· RR35+5RM,J.S.I MOBILE SHOP,N/A
Stationery store,· 119,Arora Stationers and Mobile Accessories,N/A
DJ supply store,· ,Lucky DJ & Audios Jagatpura Jaipur,096102 00467
Cell phone store,· Near Railway Phatak,"Arihant Telecom, Main Market Jagatpura",089553 22006
Cell phone accessory store,· Kachi Bastii Jagatpura,Mahalaxmi Mobile,082399 92223
Cell phone accessory store,· 7,Mangal Mobile,083024 70322
Cell phone accessory store,· 207,Jai ambey mobile,N/A
Cell phone store,"· Number 1, 02 Mahadev Nagar Gali, Ram Nagariya Rd",On Point Mobile,097851 51033
Cell phone store,· RRPC+3Q8,Jagatpura jaipur kachi basti 358,N/A
Mobile phone repair shop,· RRMF+JRG,Nearby mobile shop,N/A
Cell phone store,· Shop No 2 C-27 Kusum Vihar Ramnagrya Road,Ruchi Communication,098285 74214
Cell phone accessory store,· near NRI Road,Jai Shree Shyam Mobile Accessories,093682 51590
Cell phone store,· Shop 29,Timmu Mobile Point,063756 94829
General store,· Shop123,Trinetra Mobile Point,099501 20713
Cell phone store,"· railway, Jagatpura Fatak, Gator Road",Shree Shyam Communication,087398 27383
Mobile phone repair shop,"· rainbow colony, 38",Yashasvi mobile point,090575 55252
Cell phone accessory store,"· 7 No. Chouraha, Jagatpura Jaipur Mahal Road",Yogi Mobile Point,N/A
Store,"· Shop no-2, Godavari Marg",Karadia Mobile & Stationary,099820 01111
Cell phone store,· Shop No 2 Opp J N G Complex 7 No Bus Stand S K I T Road,D T H Plaza,099821 13200
Cell phone store,· SHOP NO 10,MATADEEN MEENA,078781 31477
Cell phone store,"· Shop No 29, Near Rico Area, Sitapura",Vikas Mobile,093149 69703
Print shop,Temporarily closed,Hemant Mobile. Photo Studio,097839 55637
Cell phone store,· Shop No A 160 Near Kidzee School Ramnagariya,Honey Computer,082900 10036
Cell phone store,· Near Gyan Vihar College,Suresh Cafe,089053 07388
Cell phone store,"· Surya, Plot No 347, Shop No 2, Near gangotri garden, Gopalpura Bypass Road, Nagar",Vijayvergiya mobile,078777 77887
Mobile phone repair shop,"· Mobile Shop Baje, Mahaveer Nagar",Mobile Shop,093192 04538
Electronics store,· Gopalpura Bypass Rd,New Mobile Funda,097729 73639
Cell phone store,"· 84/253, opposite kv 5",Nishtha the Mobile Funda,099285 88818
Cell phone store,"· Ajmer Road, Bad Ke Balaji",YASH MOBILE ( NEW),099299 90486
Cell phone store,"· VQGF+W78, Gopalpura By Pass Road, Gopal Pura Bai Pass Road, Near Surya Nagar, Gopalpura",Monu Mobile Centre,N/A
Cell phone store,"· VQ9M+V7J, Gopalpura By Pass Road, Gopal Pura Bai Pass Road, Near Surya Nagar, Gopalpura",Mohan Mobile Point,098280 21521
Mobile phone repair shop,"· B-18 Krishnan Puri Goli Maar sadan, Amer Rd",PhonesPro,N/A
Cell phone store,"· Bilal Masjid Wali, Thathar road, opp. Pandit Chai Wala",Gufran Mobile Point,N/A
Cell phone store,"· Shop No-87, Amer Rd, opposite to Gupta Garden",New Welcome Mobile,098297 96264
Cell phone store,"· XVQ6+F8X, Amer Rd",Krishna MOBILE,N/A
Gift shop,"· Opp CISF campus naradhpura, road, Delhi - Jaipur Expy",Kalra Group Of Services,099507 58888
Cell phone store,"· XVR8+GR8, Amer Rd",Ganpati Communication,N/A
Gift shop,"· Shop No. 19, Near Amer Police Thana, Amer Rd","Paras Gift and Toy Store,Amer, Jaipur",083858 16350
Cell phone accessory store,"· S-3, Amer Rd",Sharma Communication,090570 70702
Cell phone store,"· Shop No. 5, Hanuman Vatika, Chhipawada Mount Road, Amer Road",K. K. Communication,N/A
Cell phone store,"· XVWG+CX7, Mode",Maa Laxmi Mobile Shop,096364 05572
Store,"· B 508 01, Amer Rd",Kesriya Mobile,082909 74212
Cell phone store,"· XVQ4+CF3, Amer Rd",ROYAL MOBILE POINT,N/A
Cell phone store,"· XVR7+2M2, Amer Rd",जय भवानी मोबाईल रिपेयरिंग,N/A
Cell phone store,"· Shop no 70, k samne, Shree Nath Plaza, Ajmer Rd",EXPERT MOBILE STORE,097820 92440
Cell phone store,"· shop no. 1, Ajmer Rd",Radhika Mobile Point,095210 50505
Cell phone store,"· 41, Ajmer Rd",Brands Mobile Store Branch 1,089555 05599
Cell phone store,"· Ganesh Market, Ajmer Rd",Balaji Mobile Store,097820 67182
Cell phone store,"· Shop No 3, D C M Main Road, Ajmer Road",Shri Krishna Mobile Point,085599 73606
Cell phone store,· ,Vivo mobile shop,091664 80919
Cell phone store,"· Shop no.39, opp. Metro pillar no. 120, near shyam Nagar metro station",Ajmera Mobile World,096020 97623
Electronics store,"· Shop no. 6-7, Near Element mall, DCM, Ajmer Rd","Poojara Telecom, DCM - Jaipur",N/A
Cell phone store,"· Highway, Ajmer Rd",Sharma Mobile & General Stores,097852 88376
Cell phone store,"· Shop no 68, Ajmer Rd, opp. Hdfc bank Neer Sagar Market",Jai shree swastik mobile,098281 39764
Cell phone store,"· Infinity jaipur, The Grand Anukampa",Infinity jaipur,N/A
Mobile phone repair shop,"· Heerapura Power House, 30,Nimbar Nagar, Ajmer Rd, near Nimbark Mandir",Shiv Mobile Center,N/A
Cell phone store,"· Ajmer Road, 200, Feet Road",New Mobile Care Point,070142 12569
Cell phone store,"· jaisinghpura Mod,Main Ajmer Road Bhankarota",Techno Tree,099286 83277
Cell phone store,"· LG-2, BRIJ BHAWAN, opposite HP PETROL PUMP AND HOTEL REGENTA CENTRAL",KOTHARI MOBILE STORE,086966 59462
Cell phone store,"· P.-10, Guatam Marg, Gandhi Path W","Poojara Telecom, Vaishali Nagar, Jaipur",080940 05003
Mobile phone repair shop,"· 234,Shyam Nagar Metro Station Near Metro Pillor No 120",Shivam Mobile Solution And Repairing Centar,076109 00095
Mobile phone repair shop,· ,OnePlus Authorized Service Center,0141 357 0108
Cell phone store,"· 68, Ajmer Rd, near Vodafone Mini Store",Jai Shri Swastik,N/A
Mobile phone repair shop,"· Riddhi Siddhi Circle, JAIPUR ELECTRONIC MARKET, F-136",I Care,073001 94307
Cell phone store,· 110,RADHIKA MOBILE POINT,077374 04636
Cell phone store,"· 608, opp. hanuman mandir, near shani mandir",Krishna mobile repairing and mobile accessories,089494 86476
Cell phone store,· RQP8+J88,Shree Ram Mobile Point,072405 54010
Cell phone store,"· shop no.43, Mukundpura road, Ajmer Rd, behind nagar nigam office",Mahi mobile and repairing centre,083858 81523
Cell phone store,"· Shop Number2 Sinwar Rd, Sirsi Rd",S R Mobile Shop,095028 50062
Mobile phone repair shop,"· GROND FLOOR UG03, Elements Mall, Ajmer Rd",lava care,N/A
Cell phone store,· ,Mobile service center,070143 12345
Cell phone store,· Shop N 18,Ganesh Mobile Shop,083027 39499
Cell phone store,· 1 Gujarat,Mobile Shop,094602 10955
Cell phone store,· VQCM+22C,Bewafa 4 mobile shop,N/A
Appliance store,· ,"IFB Point - Ajmer Road, Jaipur",094626 90909
Cell phone accessory store,· Ajmer Rd,Rishika Mobile internet service paytm kyc Cantar,096670 90203
Baby store,"· Ground Floor, East Portion, 3, Ajmer Rd",Babyhug Store Jaipur Ajmer Road,096653 23993
Cell phone store,"· Shop No. 2, Kamla Nehru Nagar, Ajmer Rd",Sudarshan Electricals,098297 52977
Cell phone store,"· 29 30 HANUMAN NAGAR, OPP BALAJI GARDEN SIRSI ROAD, Ajmer Rd",SHRI SHYAM MOBILE AND REPAIRING CENTER,080030 77730
Cell phone store,"· Shop No. 20, Champa Nagar, Gujar Ki Thadi, Shanti Nagar Rd",Shree Ram Computer And Mobile Gallery,099503 35585
Cell phone store,"· VQH8+QJM, Gurjar Ki Thadi Upas",Mama Bhanja Mobile Point,077378 99991
Cell phone store,"· Kamla Nehru Nagar, Ajmer Rd",Sharma Mobile,082093 11090
Cell phone accessory store,"· G-102, P.NO-143, MODI NAGAR, Panchsheel Colony, Ajmer Road",Expert Deal On line shoping hub,098290 15692
Cell phone accessory store,"· Shakti Nagar, Gajsinghpura Ajmer Rd",Jiya Mobile Point,089528 82229
Cell phone store,"· Luharo Ka Khurra, 1515, Ghee Walo Ka Rasta",Unique Mobile,076889 65939
Cell phone store,"· Johari Market, KGB Ka Rasta",Rangoli Mobile Point,093529 47394
